CUT,Municipality,Province,Region,Metropolitan_Area,Health and social welfare,Economy and resources,Education,CDI,Ranking,Ranges,SVI,SPI,Poverty,Multidimensional poverty,PHLBS
15101,Arica,Arica,Arica y Parinacota,No_Metropolitan_Area,0.8896,0.2322,0.763,0.5401,37,Medio alto,0.851635052,,0.0834,0.2112,0.103
15102,Camarones,Arica,Arica y Parinacota,No_Metropolitan_Area,0.3901,0.0556,0.4317,0.2108,331,Bajo,0.776785714,,0.088,0.5869,0.813
15201,Putre,Parinacota,Arica y Parinacota,No_Metropolitan_Area,0.5063,0.065,0.534,0.26,302,Bajo,0.905405405,,0.145,0.5032,0.72
15202,General Lagos,Parinacota,Arica y Parinacota,No_Metropolitan_Area,0.2656,0.022,0.5127,0.1443,342,Bajo,0.854545455,,0.21,0.672,0.987
1101,Iquique,Iquique,Tarapacá,No_Metropolitan_Area,0.8957,0.3218,0.7469,0.5993,12,Medio alto,0.744680206,,0.0438,0.1974,0.156
1107,Alto Hospicio,Iquique,Tarapacá,No_Metropolitan_Area,0.8664,0.1183,0.6803,0.4115,117,Medio,0.847414512,,0.0776,0.2755,0.193
1401,Pozo Almonte,Tamarugal,Tarapacá,No_Metropolitan_Area,0.755,0.0953,0.5812,0.3471,200,Medio bajo,0.815096953,,0.1088,0.3881,0.35
1402,Camiña,Tamarugal,Tarapacá,No_Metropolitan_Area,0.4806,0.0438,0.6085,0.2339,322,Bajo,0.926406926,,0.2645,0.5182,0.728
1403,Colchane,Tamarugal,Tarapacá,No_Metropolitan_Area,0.386,0.0301,0.4912,0.1787,339,Bajo,0.85625,,0.1395,0.6351,0.877
1404,Huara,Tamarugal,Tarapacá,No_Metropolitan_Area,0.583,0.0416,0.5284,0.234,321,Bajo,0.908888889,,0.1882,0.4654,0.45
1405,Pica,Tamarugal,Tarapacá,No_Metropolitan_Area,0.787,0.0774,0.5719,0.3266,220,Medio bajo,0.816053512,,0.0863,0.3226,0.325
2101,Antofagasta,Antofagasta,Antofagasta,No_Metropolitan_Area,0.9261,0.3383,0.7536,0.618,9,Medio alto,0.741031104,,0.0506,0.1658,0.09
2102,Mejillones,Antofagasta,Antofagasta,No_Metropolitan_Area,0.8755,0.1268,0.5601,0.3962,128,Medio,0.756001574,,0.0766,0.2199,0.147
2103,Sierra Gorda,Antofagasta,Antofagasta,No_Metropolitan_Area,0.8664,0.0665,0.5271,0.3119,237,Medio bajo,0.74906367,,0.0141,0.2526,0.307
2104,Taltal,Antofagasta,Antofagasta,No_Metropolitan_Area,0.8169,0.1304,0.5594,0.3906,134,Medio,0.846187748,,0.0351,0.2601,0.243
2201,Calama,El Loa,Antofagasta,No_Metropolitan_Area,0.8869,0.2503,0.7598,0.5525,27,Medio alto,0.742383107,,0.0459,0.1367,0.195
2202,Ollagüe,El Loa,Antofagasta,No_Metropolitan_Area,0.6779,0.0557,0.4334,0.2538,307,Bajo,0.8,,0.2019,0.3527,0.447
2203,San Pedro de Atacama,El Loa,Antofagasta,No_Metropolitan_Area,0.7268,0.0941,0.6262,0.3499,192,Medio bajo,0.805750799,,0.0404,0.2205,0.539
2301,Tocopilla,Tocopilla,Antofagasta,No_Metropolitan_Area,0.8682,0.1428,0.638,0.4292,98,Medio,0.859892384,,0.104,0.2008,0.168
2302,María Elena,Tocopilla,Antofagasta,No_Metropolitan_Area,0.9335,0.0903,0.623,0.3745,150,Medio bajo,0.74185766,,0.0499,0.185,0.038
3101,Copiapó,Copiapó,Atacama,No_Metropolitan_Area,0.9095,0.2363,0.7537,0.5451,32,Medio alto,0.83727221,,0.0626,0.2333,0.111
3102,Caldera,Copiapó,Atacama,No_Metropolitan_Area,0.8466,0.0901,0.6406,0.3656,164,Medio bajo,0.888320289,,0.1044,0.2035,0.139
3103,Tierra Amarilla,Copiapó,Atacama,No_Metropolitan_Area,0.7098,0.092,0.536,0.3271,219,Medio bajo,0.915789474,,0.1425,0.3141,0.32
3201,Chañaral,Chañaral,Atacama,No_Metropolitan_Area,0.8379,0.0977,0.6094,0.3681,161,Medio bajo,0.879351266,,0.1207,0.2523,0.173
3202,Diego de Almagro,Chañaral,Atacama,No_Metropolitan_Area,0.888,0.1465,0.6599,0.4411,89,Medio,0.768033946,,0.0756,0.1784,0.099
3301,Vallenar,Huasco,Atacama,No_Metropolitan_Area,0.8466,0.1305,0.7619,0.4382,94,Medio,0.870516096,,0.0883,0.2121,0.199
3302,Alto del Carmen,Huasco,Atacama,No_Metropolitan_Area,0.6876,0.0497,0.5419,0.2647,296,Bajo,0.933680104,,0.1527,0.2825,0.411
3303,Freirina,Huasco,Atacama,No_Metropolitan_Area,0.7111,0.0568,0.5426,0.2799,281,Bajo,0.924006908,,0.1573,0.3286,0.305
3304,Huasco,Huasco,Atacama,No_Metropolitan_Area,0.8378,0.0755,0.5866,0.3335,214,Medio bajo,0.863663308,,0.0972,0.1735,0.155
4101,La Serena,Elqui,Coquimbo,No_Metropolitan_Area,0.8909,0.2785,0.7814,0.5788,19,Medio alto,0.834099393,,0.1024,0.2013,0.083
4102,Coquimbo,Elqui,Coquimbo,No_Metropolitan_Area,0.8609,0.218,0.7443,0.5189,47,Medio alto,0.877571631,,0.1341,0.1803,0.124
4103,Andacollo,Elqui,Coquimbo,No_Metropolitan_Area,0.7962,0.0531,0.6483,0.3016,254,Medio bajo,0.898102981,,0.1485,0.2615,0.202
4104,La Higuera,Elqui,Coquimbo,No_Metropolitan_Area,0.6189,0.0506,0.505,0.251,309,Bajo,0.951638066,,0.2054,0.4025,0.52
4105,Paiguano,Elqui,Coquimbo,No_Metropolitan_Area,0.8018,0.0647,0.5776,0.3107,242,Medio bajo,0.930269414,,0.1048,0.2073,0.224
4106,Vicuña,Elqui,Coquimbo,No_Metropolitan_Area,0.8554,0.074,0.637,0.3429,203,Medio bajo,0.90950324,,0.1225,0.2321,0.135
4201,Illapel,Choapa,Coquimbo,No_Metropolitan_Area,0.8036,0.0859,0.6717,0.3593,178,Medio bajo,0.861052999,,0.1202,0.2536,0.224
4202,Canela,Choapa,Coquimbo,No_Metropolitan_Area,0.523,0.0283,0.5978,0.2069,332,Bajo,0.919066148,,0.251,0.4346,0.488
4203,Los Vilos,Choapa,Coquimbo,No_Metropolitan_Area,0.811,0.0806,0.6429,0.3477,199,Medio bajo,0.896479243,,0.1381,0.2948,0.156
4204,Salamanca,Choapa,Coquimbo,No_Metropolitan_Area,0.8089,0.0845,0.6206,0.3487,197,Medio bajo,0.84724799,,0.1253,0.2721,0.216
4301,Ovalle,Limarí,Coquimbo,No_Metropolitan_Area,0.8733,0.1154,0.7591,0.4245,101,Medio,0.890832887,,0.0574,0.2612,0.154
4302,Combarbalá,Limarí,Coquimbo,No_Metropolitan_Area,0.7014,0.047,0.6288,0.2747,286,Bajo,0.907571802,,0.1621,0.3347,0.312
4303,Monte Patria,Limarí,Coquimbo,No_Metropolitan_Area,0.7233,0.0537,0.6416,0.2922,269,Medio bajo,0.936767169,,0.2136,0.335,0.309
4304,Punitaqui,Limarí,Coquimbo,No_Metropolitan_Area,0.5965,0.0524,0.6561,0.2736,290,Bajo,0.932330827,,0.2516,0.3597,0.367
4305,Río Hurtado,Limarí,Coquimbo,No_Metropolitan_Area,0.7163,0.0331,0.5525,0.2358,318,Bajo,0.948364888,,0.1719,0.3997,0.342
5101,Valparaíso,Valparaíso,Valparaíso,No_Metropolitan_Area,0.903,0.2627,0.7397,0.5598,24,Medio alto,0.88745761,,0.0708,0.191,0.116
5102,Casablanca,Valparaíso,Valparaíso,No_Metropolitan_Area,0.8469,0.1338,0.7241,0.4346,95,Medio,0.860429109,,0.0892,0.1693,0.114
5103,Concón,Valparaíso,Valparaíso,No_Metropolitan_Area,0.9381,0.2755,0.7843,0.5874,17,Medio alto,0.825353751,,0.0242,0.1713,0.103
5104,Juan Fernández,Valparaíso,Valparaíso,No_Metropolitan_Area,0.9071,0.0755,0.6855,0.3608,172,Medio bajo,0.858895706,,0.0512,0.1757,0.157
5105,Puchuncaví,Valparaíso,Valparaíso,No_Metropolitan_Area,0.7035,0.1042,0.5904,0.3511,190,Medio bajo,0.91503006,,0.0845,0.2794,0.321
5107,Quintero,Valparaíso,Valparaíso,No_Metropolitan_Area,0.7947,0.1062,0.6561,0.3812,142,Medio bajo,0.900978239,,0.0529,0.2691,0.225
5109,Viña del Mar,Valparaíso,Valparaíso,No_Metropolitan_Area,0.916,0.4447,0.7596,0.6764,6,Alto,0.851756618,,0.0518,0.1715,0.12
5201,Isla de Pascua,Isla de Pascua,Valparaíso,No_Metropolitan_Area,0.7153,0.0655,0.6338,0.3097,245,Medio bajo,0.777372263,,0.0812,0.2165,0.66
5301,Los Andes,Los Andes,Valparaíso,No_Metropolitan_Area,0.9298,0.2241,0.7685,0.543,34,Medio alto,0.822441533,,0.0701,0.1189,0.048
5302,Calle Larga,Los Andes,Valparaíso,No_Metropolitan_Area,0.8104,0.0784,0.7095,0.3559,182,Medio bajo,0.879379379,,0.1718,0.1675,0.151
5303,Rinconada,Los Andes,Valparaíso,No_Metropolitan_Area,0.865,0.1136,0.6448,0.3987,126,Medio,0.887348354,,0.1053,0.2216,0.133
5304,San Esteban,Los Andes,Valparaíso,No_Metropolitan_Area,0.8689,0.125,0.5556,0.3922,131,Medio,0.913639479,,0.107,0.1256,0.1
5401,La Ligua,Petorca,Valparaíso,No_Metropolitan_Area,0.8137,0.1083,0.643,0.3841,137,Medio bajo,0.893522475,,0.1666,0.2489,0.142
5402,Cabildo,Petorca,Valparaíso,No_Metropolitan_Area,0.8497,0.1033,0.6851,0.3917,132,Medio,0.880097218,,0.1637,0.2533,0.056
5403,Papudo,Petorca,Valparaíso,No_Metropolitan_Area,0.9009,0.0847,0.6118,0.3601,176,Medio bajo,0.905183312,,0.0763,0.1911,0.103
5404,Petorca,Petorca,Valparaíso,No_Metropolitan_Area,0.8473,0.0549,0.6272,0.3078,246,Medio bajo,0.921710526,,0.1016,0.1933,0.119
5405,Zapallar,Petorca,Valparaíso,No_Metropolitan_Area,0.8587,0.1959,0.7033,0.491,61,Medio alto,0.831482691,,0.045,0.2461,0.142
5501,Quillota,Quillota,Valparaíso,No_Metropolitan_Area,0.8993,0.1944,0.7675,0.512,51,Medio alto,0.863453541,,0.0993,0.1978,0.051
5502,La Calera,Quillota,Valparaíso,No_Metropolitan_Area,0.8682,0.1691,0.7363,0.4764,71,Medio,0.875183862,,0.1577,0.2315,0.068
5503,Hijuelas,Quillota,Valparaíso,No_Metropolitan_Area,0.8124,0.0934,0.6182,0.3607,173,Medio bajo,0.930313589,,0.0898,0.3215,0.213
5504,La Cruz,Quillota,Valparaíso,No_Metropolitan_Area,0.8996,0.1669,0.596,0.4473,83,Medio,0.875242405,,0.0693,0.1981,0.094
5506,Nogales,Quillota,Valparaíso,No_Metropolitan_Area,0.8701,0.102,0.6198,0.3803,143,Medio bajo,0.900879054,,0.0772,0.3912,0.132
5601,San Antonio,San Antonio,Valparaíso,No_Metropolitan_Area,0.907,0.1781,0.6762,0.478,69,Medio,0.871304667,,0.0751,0.1885,0.087
5602,Algarrobo,San Antonio,Valparaíso,No_Metropolitan_Area,0.8111,0.1348,0.6382,0.4117,116,Medio,0.847358997,,0.0327,0.1691,0.203
5603,Cartagena,San Antonio,Valparaíso,No_Metropolitan_Area,0.8513,0.0817,0.6535,0.3568,181,Medio bajo,0.916889429,,0.0687,0.2298,0.183
5604,El Quisco,San Antonio,Valparaíso,No_Metropolitan_Area,0.8996,0.0851,0.6308,0.3641,168,Medio bajo,0.880877743,,0.0343,0.2047,0.118
5605,El Tabo,San Antonio,Valparaíso,No_Metropolitan_Area,0.7116,0.0983,0.594,0.3464,201,Medio bajo,0.948463826,,0.062,0.169,0.406
5606,Santo Domingo,San Antonio,Valparaíso,No_Metropolitan_Area,0.7209,0.2668,0.6718,0.5055,55,Medio alto,0.76465284,,0.0398,0.1708,0.359
5701,San Felipe,San Felipe de Aconcagua,Valparaíso,No_Metropolitan_Area,0.9163,0.1939,0.7682,0.5149,49,Medio alto,0.869304133,,0.0817,0.1992,0.058
5702,Catemu,San Felipe de Aconcagua,Valparaíso,No_Metropolitan_Area,0.8191,0.0682,0.6138,0.3249,223,Medio bajo,0.922707633,,0.1687,0.2232,0.183
5703,LlaiLlay,San Felipe de Aconcagua,Valparaíso,No_Metropolitan_Area,0.8868,0.0885,0.6659,0.3739,152,Medio bajo,0.898502124,,0.0781,0.268,0.131
5704,Panquehue,San Felipe de Aconcagua,Valparaíso,No_Metropolitan_Area,0.8291,0.0952,0.7061,0.382,140,Medio bajo,0.930730479,,0.1017,0.2282,0.093
5705,Putaendo,San Felipe de Aconcagua,Valparaíso,No_Metropolitan_Area,0.8518,0.0656,0.6171,0.3255,222,Medio bajo,0.909469303,,0.0925,0.3374,0.171
5706,Santa María,San Felipe de Aconcagua,Valparaíso,No_Metropolitan_Area,0.8671,0.0897,0.5999,0.3599,177,Medio bajo,0.911168831,,0.1291,0.1579,0.091
5801,Quilpué,Marga Marga,Valparaíso,No_Metropolitan_Area,0.9281,0.2396,0.758,0.5524,28,Medio alto,0.775383661,,0.0525,0.1206,0.086
5802,Limache,Marga Marga,Valparaíso,No_Metropolitan_Area,0.9015,0.1564,0.6696,0.4554,79,Medio,0.843914274,,0.0444,0.3029,0.112
5803,Olmué,Marga Marga,Valparaíso,No_Metropolitan_Area,0.7414,0.0887,0.5819,0.3369,209,Medio bajo,0.908001917,,0.0692,0.2803,0.334
5804,Villa Alemana,Marga Marga,Valparaíso,No_Metropolitan_Area,0.9336,0.1837,0.7629,0.5077,53,Medio alto,0.776836805,,0.0373,0.144,0.077
6101,Rancagua,Cachapoal,O'Higgins,No_Metropolitan_Area,0.9151,0.2411,0.7823,0.5568,26,Medio alto,0.835290384,,0.1064,0.1323,0.031
6102,Codegua,Cachapoal,O'Higgins,No_Metropolitan_Area,0.8775,0.0952,0.5792,0.3644,166,Medio bajo,0.935603257,,0.0894,0.1872,0.111
6103,Coinco,Cachapoal,O'Higgins,No_Metropolitan_Area,0.7837,0.0654,0.5631,0.3068,248,Medio bajo,0.908866995,,0.1444,0.3124,0.233
6104,Coltauco,Cachapoal,O'Higgins,No_Metropolitan_Area,0.793,0.0595,0.6388,0.3113,239,Medio bajo,0.906999041,,0.1444,0.2214,0.23
6105,Doñihue,Cachapoal,O'Higgins,No_Metropolitan_Area,0.8787,0.0809,0.6851,0.3652,165,Medio bajo,0.86618344,,0.0749,0.166,0.13
6106,Graneros,Cachapoal,O'Higgins,No_Metropolitan_Area,0.9056,0.1363,0.5922,0.4181,110,Medio,0.884386512,,0.0701,0.1851,0.087
6107,Las Cabras,Cachapoal,O'Higgins,No_Metropolitan_Area,0.7823,0.0753,0.6434,0.3359,210,Medio bajo,0.888705494,,0.1333,0.1819,0.306
6108,Machalí,Cachapoal,O'Higgins,No_Metropolitan_Area,0.8291,0.1734,0.7644,0.479,66,Medio,0.75705598,,0.0724,0.1798,0.274
6109,Malloa,Cachapoal,O'Higgins,No_Metropolitan_Area,0.8123,0.0629,0.6228,0.3169,231,Medio bajo,0.952040086,,0.1214,0.2389,0.219
6110,Mostazal,Cachapoal,O'Higgins,No_Metropolitan_Area,0.8506,0.1176,0.5691,0.3847,136,Medio,0.915977961,,0.0999,0.2622,0.147
6111,Olivar,Cachapoal,O'Higgins,No_Metropolitan_Area,0.8727,0.0807,0.6497,0.3577,180,Medio bajo,0.909007773,,0.0849,0.2589,0.158
6112,Peumo,Cachapoal,O'Higgins,No_Metropolitan_Area,0.8278,0.0967,0.6392,0.3713,158,Medio bajo,0.9055666,,0.1251,0.2431,0.21
6113,Pichidegua,Cachapoal,O'Higgins,No_Metropolitan_Area,0.8348,0.0713,0.5692,0.3235,225,Medio bajo,0.927186761,,0.1163,0.2422,0.207
6114,Quinta de Tilcoco,Cachapoal,O'Higgins,No_Metropolitan_Area,0.8273,0.0728,0.6607,0.3415,205,Medio bajo,0.917070805,,0.129,0.2974,0.197
6115,Rengo,Cachapoal,O'Higgins,No_Metropolitan_Area,0.8753,0.1175,0.6919,0.4143,114,Medio,0.879865449,,0.102,0.1546,0.119
6116,Requínoa,Cachapoal,O'Higgins,No_Metropolitan_Area,0.8915,0.0888,0.6273,0.3676,162,Medio bajo,0.875284091,,0.0771,0.2688,0.122
6117,San Vicente de Tagua Tagua,Cachapoal,O'Higgins,No_Metropolitan_Area,0.8882,0.1327,0.6949,0.4343,96,Medio,0.868996118,,0.0711,0.1927,0.141
6201,Pichilemu,Cardenal Caro,O'Higgins,No_Metropolitan_Area,0.8645,0.12,0.7037,0.4179,111,Medio,0.875311721,,0.0406,0.2509,0.138
6202,La Estrella,Cardenal Caro,O'Higgins,No_Metropolitan_Area,0.7273,0.0705,0.516,0.2979,257,Medio bajo,0.871886121,,0.1401,0.2172,0.279
6203,Litueche,Cardenal Caro,O'Higgins,No_Metropolitan_Area,0.7665,0.0561,0.6135,0.2977,258,Medio bajo,0.918,,0.0983,0.2122,0.243
6204,Marchihue,Cardenal Caro,O'Higgins,No_Metropolitan_Area,0.8381,0.0684,0.6058,0.3262,221,Medio bajo,0.910559006,,0.0626,0.1938,0.224
6205,Navidad,Cardenal Caro,O'Higgins,No_Metropolitan_Area,0.7221,0.0293,0.6066,0.2343,320,Bajo,0.896626768,,0.1171,0.3134,0.322
6206,Paredones,Cardenal Caro,O'Higgins,No_Metropolitan_Area,0.6692,0.0391,0.5987,0.2502,312,Bajo,0.963662791,,0.1479,0.2478,0.371
6301,San Fernando,Colchagua,O'Higgins,No_Metropolitan_Area,0.8843,0.1721,0.7817,0.4918,60,Medio alto,0.87650311,,0.1012,0.1833,0.158
6302,Chépica,Colchagua,O'Higgins,No_Metropolitan_Area,0.8401,0.0608,0.6013,0.3132,235,Medio bajo,0.946010798,,0.1195,0.2803,0.149
6303,Chimbarongo,Colchagua,O'Higgins,No_Metropolitan_Area,0.8131,0.0784,0.6811,0.3515,189,Medio bajo,0.921582356,,0.1586,0.2148,0.182
6304,Lolol,Colchagua,O'Higgins,No_Metropolitan_Area,0.6815,0.0587,0.5618,0.2822,278,Bajo,0.940315315,,0.1336,0.2194,0.406
6305,Nancagua,Colchagua,O'Higgins,No_Metropolitan_Area,0.8711,0.0742,0.6956,0.3556,183,Medio bajo,0.917936694,,0.1117,0.1573,0.113
6306,Palmilla,Colchagua,O'Higgins,No_Metropolitan_Area,0.8252,0.0716,0.6113,0.3306,216,Medio bajo,0.942382813,,0.0913,0.2684,0.327
6307,Peralillo,Colchagua,O'Higgins,No_Metropolitan_Area,0.8605,0.0766,0.6101,0.3426,204,Medio bajo,0.926470588,,0.076,0.1865,0.144
6308,Placilla,Colchagua,O'Higgins,No_Metropolitan_Area,0.7703,0.0638,0.5764,0.3048,252,Medio bajo,0.931034483,,0.1764,0.2115,0.271
6309,Pumanque,Colchagua,O'Higgins,No_Metropolitan_Area,0.7015,0.0512,0.5712,0.2738,289,Bajo,0.923344948,,0.1066,0.2469,0.393
6310,Santa Cruz,Colchagua,O'Higgins,No_Metropolitan_Area,0.8944,0.1742,0.8157,0.5027,57,Medio alto,0.87998141,,0.0496,0.1591,0.14
7101,Talca,Talca,Maule,No_Metropolitan_Area,0.9243,0.2605,0.7915,0.5755,21,Medio alto,0.870286317,,0.0798,0.1709,0.043
7102,Constitución,Talca,Maule,No_Metropolitan_Area,0.8389,0.1133,0.7811,0.4202,105,Medio,0.916995074,,0.0754,0.2084,0.181
7103,Curepto,Talca,Maule,No_Metropolitan_Area,0.6696,0.0324,0.6432,0.2407,317,Bajo,0.92746114,,0.1542,0.3152,0.358
7104,Empedrado,Talca,Maule,No_Metropolitan_Area,0.6606,0.0476,0.5758,0.2627,298,Bajo,0.925925926,,0.1663,0.3759,0.35
7105,Maule,Talca,Maule,No_Metropolitan_Area,0.8704,0.0777,0.6645,0.3556,184,Medio bajo,0.870291955,,0.1103,0.3107,0.09
7106,Pelarco,Talca,Maule,No_Metropolitan_Area,0.7265,0.0741,0.5888,0.3164,233,Medio bajo,0.950455005,,0.1597,0.2912,0.326
7107,Pencahue,Talca,Maule,No_Metropolitan_Area,0.6533,0.0577,0.5505,0.2747,285,Bajo,0.957087126,,0.0849,0.3174,0.415
7108,Río Claro,Talca,Maule,No_Metropolitan_Area,0.7962,0.0561,0.5777,0.2955,262,Medio bajo,0.950333131,,0.1063,0.2776,0.22
7109,San Clemente,Talca,Maule,No_Metropolitan_Area,0.7802,0.0772,0.6432,0.3384,207,Medio bajo,0.935816719,,0.1665,0.3565,0.201
7110,San Rafael,Talca,Maule,No_Metropolitan_Area,0.7911,0.0601,0.5513,0.297,260,Medio bajo,0.932951758,,0.0698,0.2346,0.236
7201,Cauquenes,Cauquenes,Maule,No_Metropolitan_Area,0.7719,0.1302,0.6869,0.4102,119,Medio,0.90878187,,0.2,0.262,0.133
7202,Chanco,Cauquenes,Maule,No_Metropolitan_Area,0.5545,0.0428,0.5465,0.2349,319,Bajo,0.934198332,,0.2037,0.4342,0.452
7203,Pelluhue,Cauquenes,Maule,No_Metropolitan_Area,0.6747,0.0584,0.6119,0.289,273,Medio bajo,0.928301887,,0.1938,0.2997,0.303
7301,Curicó,Curicó,Maule,No_Metropolitan_Area,0.8904,0.2179,0.8011,0.5376,40,Medio alto,0.872707813,,0.0985,0.1517,0.088
7302,Hualañé,Curicó,Maule,No_Metropolitan_Area,0.7028,0.0625,0.6512,0.3058,251,Medio bajo,0.931561462,,0.2139,0.2114,0.277
7303,Licantén,Curicó,Maule,No_Metropolitan_Area,0.7002,0.0728,0.6458,0.3205,229,Medio bajo,0.878070974,,0.2326,0.243,0.23
7304,Molina,Curicó,Maule,No_Metropolitan_Area,0.8722,0.093,0.6444,0.3739,153,Medio bajo,0.9150217,,0.1305,0.1662,0.075
7305,Rauco,Curicó,Maule,No_Metropolitan_Area,0.7679,0.0628,0.5957,0.3062,250,Medio bajo,0.965405405,,0.1814,0.2362,0.167
7306,Romeral,Curicó,Maule,No_Metropolitan_Area,0.7872,0.1063,0.671,0.3829,138,Medio bajo,0.937591419,,0.1169,0.2406,0.208
7307,Sagrada Familia,Curicó,Maule,No_Metropolitan_Area,0.7805,0.0659,0.5953,0.3129,236,Medio bajo,0.932089909,,0.1567,0.1994,0.23
7308,Teno,Curicó,Maule,No_Metropolitan_Area,0.8101,0.0792,0.7,0.3554,185,Medio bajo,0.923451635,,0.0915,0.2063,0.226
7309,Vichuquén,Curicó,Maule,No_Metropolitan_Area,0.654,0.0628,0.6416,0.2976,259,Medio bajo,0.926,,0.1713,0.3737,0.29
7401,Linares,Linares,Maule,No_Metropolitan_Area,0.8563,0.175,0.8138,0.4959,59,Medio alto,0.8934468,,0.1134,0.2291,0.12
7402,Colbún,Linares,Maule,No_Metropolitan_Area,0.7643,0.0559,0.5864,0.2926,266,Medio bajo,0.953504274,,0.2509,0.3051,0.144
7403,Longaví,Linares,Maule,No_Metropolitan_Area,0.6721,0.0784,0.6387,0.3228,227,Medio bajo,0.957435764,,0.2385,0.3732,0.295
7404,Parral,Linares,Maule,No_Metropolitan_Area,0.7907,0.1442,0.6837,0.4272,99,Medio,0.892356776,,0.1691,0.234,0.149
7405,Retiro,Linares,Maule,No_Metropolitan_Area,0.6769,0.0821,0.6368,0.3283,218,Medio bajo,0.965016306,,0.2251,0.3191,0.24
7406,San Javier,Linares,Maule,No_Metropolitan_Area,0.7629,0.1051,0.6789,0.379,144,Medio bajo,0.905681438,,0.2002,0.2943,0.163
7407,Villa Alegre,Linares,Maule,No_Metropolitan_Area,0.7762,0.0775,0.56,0.3229,226,Medio bajo,0.966582278,,0.1962,0.3052,0.171
7408,Yerbas Buenas,Linares,Maule,No_Metropolitan_Area,0.7257,0.0605,0.6115,0.2995,255,Medio bajo,0.956546929,,0.2208,0.3291,0.262
16101,Chillán,Diguillín,Ñuble,No_Metropolitan_Area,0.8707,0.2278,0.7729,0.5352,42,Medio alto,0.842358819,,0.1167,0.1772,0.091
16102,Bulnes,Diguillín,Ñuble,No_Metropolitan_Area,0.7638,0.0914,0.664,0.3592,179,Medio bajo,0.921983983,,0.1488,0.2869,0.2
16103,Chillán Viejo,Diguillín,Ñuble,No_Metropolitan_Area,0.8153,0.1023,0.6479,0.378,146,Medio bajo,0.955582233,,0.191,0.2405,0.103
16104,El Carmen,Diguillín,Ñuble,No_Metropolitan_Area,0.4764,0.0524,0.601,0.2467,315,Bajo,0.930318413,,0.2877,0.3408,0.406
16105,Pemuco,Diguillín,Ñuble,No_Metropolitan_Area,0.6542,0.0487,0.5596,0.2612,300,Bajo,0.955134596,,0.2384,0.2848,0.275
16106,Pinto,Diguillín,Ñuble,No_Metropolitan_Area,0.5892,0.0696,0.6165,0.2935,264,Medio bajo,0.959101382,,0.2506,0.3713,0.325
16107,Quillón,Diguillín,Ñuble,No_Metropolitan_Area,0.6286,0.0648,0.6594,0.2995,256,Medio bajo,0.929487179,,0.1666,0.3066,0.376
16108,San Ignacio,Diguillín,Ñuble,No_Metropolitan_Area,0.6009,0.0472,0.6186,0.2599,303,Bajo,0.962870045,,0.2487,0.328,0.272
16109,Yungay,Diguillín,Ñuble,No_Metropolitan_Area,0.7409,0.0939,0.6953,0.3644,167,Medio bajo,0.862656803,,0.1938,0.1989,0.205
16201,Quirihue,Itata,Ñuble,No_Metropolitan_Area,0.7316,0.0411,0.6963,0.2757,284,Bajo,0.915721232,,0.1826,0.353,0.209
16202,Cobquecura,Itata,Ñuble,No_Metropolitan_Area,0.4081,0.0325,0.5775,0.1971,335,Bajo,0.92481203,,0.3418,0.4724,0.518
16203,Coelemu,Itata,Ñuble,No_Metropolitan_Area,0.6765,0.1084,0.6992,0.3715,157,Medio bajo,0.884033035,,0.1828,0.3072,0.297
16204,Ninhue,Itata,Ñuble,No_Metropolitan_Area,0.4033,0.0275,0.6622,0.1943,336,Bajo,0.942528736,,0.2534,0.3476,0.56
16205,Portezuelo,Itata,Ñuble,No_Metropolitan_Area,0.5408,0.0423,0.616,0.2415,316,Bajo,0.964639321,,0.1869,0.3547,0.519
16206,Ránquil,Itata,Ñuble,No_Metropolitan_Area,0.7139,0.0409,0.5939,0.2587,304,Bajo,0.935972061,,0.095,0.2432,0.285
16207,Treguaco,Itata,Ñuble,No_Metropolitan_Area,0.5501,0.0273,0.5626,0.2036,334,Bajo,0.965095986,,0.2059,0.2365,0.412
16301,San Carlos,Punilla,Ñuble,No_Metropolitan_Area,0.81,0.1168,0.7026,0.4051,124,Medio,0.905560459,,0.138,0.275,0.133
16302,Coihueco,Punilla,Ñuble,No_Metropolitan_Area,0.6906,0.0578,0.6514,0.2963,261,Medio bajo,0.946865037,,0.2203,0.2725,0.239
16303,Ñiquén,Punilla,Ñuble,No_Metropolitan_Area,0.6615,0.0514,0.5765,0.2697,292,Bajo,0.973159509,,0.1994,0.3076,0.357
16304,San Fabián,Punilla,Ñuble,No_Metropolitan_Area,0.7776,0.0462,0.6091,0.2796,283,Bajo,0.935316947,,0.1377,0.3243,0.239
16305,San Nicolás,Punilla,Ñuble,No_Metropolitan_Area,0.709,0.0469,0.7503,0.2922,268,Medio bajo,0.913678619,,0.1431,0.3497,0.26
8101,Concepción,Concepción,Biobío,No_Metropolitan_Area,0.9102,0.3615,0.7967,0.64,8,Alto,0.810554882,,0.077,0.1343,0.087
8102,Coronel,Concepción,Biobío,No_Metropolitan_Area,0.8788,0.198,0.7357,0.504,56,Medio alto,0.883753233,,0.1136,0.1455,0.091
8103,Chiguayante,Concepción,Biobío,No_Metropolitan_Area,0.929,0.2072,0.7712,0.5295,45,Medio alto,0.839199502,,0.0871,0.1265,0.035
8104,Florida,Concepción,Biobío,No_Metropolitan_Area,0.5087,0.0529,0.5873,0.2509,310,Bajo,0.937291528,,0.1587,0.3783,0.547
8105,Hualqui,Concepción,Biobío,No_Metropolitan_Area,0.7989,0.1265,0.6502,0.4035,125,Medio,0.941874259,,0.1291,0.2215,0.186
8106,Lota,Concepción,Biobío,No_Metropolitan_Area,0.8283,0.1639,0.6475,0.4446,87,Medio,0.90935822,,0.1813,0.1962,0.124
8107,Penco,Concepción,Biobío,No_Metropolitan_Area,0.9052,0.1543,0.6643,0.4527,81,Medio,0.904623784,,0.0859,0.1826,0.07
8108,San Pedro de La Paz,Concepción,Biobío,No_Metropolitan_Area,0.9052,0.2358,0.7766,0.5493,31,Medio alto,0.818521201,,0.1217,0.1588,0.036
8109,Santa Juana,Concepción,Biobío,No_Metropolitan_Area,0.7077,0.0482,0.6423,0.2798,282,Bajo,0.934126647,,0.1548,0.2973,0.227
8110,Talcahuano,Concepción,Biobío,No_Metropolitan_Area,0.9259,0.2879,0.769,0.5896,15,Medio alto,0.857490925,,0.0791,0.1665,0.062
8111,Tomé,Concepción,Biobío,No_Metropolitan_Area,0.852,0.1584,0.633,0.4404,90,Medio,0.894545027,,0.0727,0.2171,0.196
8112,Hualpén,Concepción,Biobío,No_Metropolitan_Area,0.9191,0.1298,0.7545,0.4481,82,Medio,0.889450479,,0.1053,0.1095,0.033
8201,Lebu,Arauco,Biobío,No_Metropolitan_Area,0.8371,0.1438,0.6348,0.4244,102,Medio,0.906046303,,0.1325,0.3224,0.137
8202,Arauco,Arauco,Biobío,No_Metropolitan_Area,0.7777,0.1412,0.7678,0.4384,93,Medio,0.885294118,,0.1593,0.184,0.192
8203,Cañete,Arauco,Biobío,No_Metropolitan_Area,0.7145,0.1126,0.6925,0.382,141,Medio bajo,0.921033843,,0.158,0.2006,0.27
8204,Contulmo,Arauco,Biobío,No_Metropolitan_Area,0.6101,0.047,0.5998,0.2581,305,Bajo,0.941437445,,0.2422,0.2997,0.291
8205,Curanilahue,Arauco,Biobío,No_Metropolitan_Area,0.8606,0.1575,0.6577,0.4467,85,Medio,0.904602363,,0.123,0.1205,0.133
8206,Los Álamos,Arauco,Biobío,No_Metropolitan_Area,0.7999,0.1223,0.6178,0.3924,130,Medio,0.940066069,,0.1609,0.2665,0.199
8207,Tirúa,Arauco,Biobío,No_Metropolitan_Area,0.4762,0.0419,0.5902,0.2275,324,Bajo,0.969846491,,0.2608,0.3488,0.542
8301,Los Ángeles,Biobío,Biobío,No_Metropolitan_Area,0.7343,0.1822,0.7751,0.4698,74,Medio,0.870016723,,0.1742,0.1613,0.234
8302,Antuco,Biobío,Biobío,No_Metropolitan_Area,0.7123,0.0477,0.5859,0.271,291,Bajo,0.905982906,,0.2876,0.1979,0.152
8303,Cabrero,Biobío,Biobío,No_Metropolitan_Area,0.8034,0.1222,0.6892,0.4074,120,Medio,0.909958506,,0.112,0.141,0.208
8304,Laja,Biobío,Biobío,No_Metropolitan_Area,0.7383,0.0831,0.6919,0.3488,196,Medio bajo,0.879638672,,0.1935,0.2509,0.191
8305,Mulchén,Biobío,Biobío,No_Metropolitan_Area,0.7739,0.1176,0.5975,0.3789,145,Medio bajo,0.932888619,,0.148,0.2438,0.187
8306,Nacimiento,Biobío,Biobío,No_Metropolitan_Area,0.7796,0.1281,0.7069,0.4133,115,Medio,0.877882494,,0.1735,0.2573,0.158
8307,Negrete,Biobío,Biobío,No_Metropolitan_Area,0.7066,0.0534,0.6127,0.2848,275,Bajo,0.956097561,,0.1787,0.2291,0.221
8308,Quilaco,Biobío,Biobío,No_Metropolitan_Area,0.6459,0.0612,0.5833,0.2847,277,Bajo,0.966145833,,0.2112,0.2759,0.271
8309,Quilleco,Biobío,Biobío,No_Metropolitan_Area,0.6637,0.0422,0.5625,0.2506,311,Bajo,0.941612604,,0.1605,0.2558,0.33
8310,San Rosendo,Biobío,Biobío,No_Metropolitan_Area,0.7201,0.2809,0.6195,0.5004,58,Medio alto,0.916149068,,0.208,0.179,0.236
8311,Santa Bárbara,Biobío,Biobío,No_Metropolitan_Area,0.7053,0.1037,0.577,0.3481,198,Medio bajo,0.93967323,,0.1639,0.2444,0.27
8312,Tucapel,Biobío,Biobío,No_Metropolitan_Area,0.8143,0.0982,0.6361,0.3706,160,Medio bajo,0.932806324,,0.1577,0.1937,0.106
8313,Yumbel,Biobío,Biobío,No_Metropolitan_Area,0.6763,0.0689,0.6493,0.3116,238,Medio bajo,0.903410806,,0.2103,0.2469,0.302
8314,Alto Biobío,Biobío,Biobío,No_Metropolitan_Area,0.2206,0.0369,0.489,0.1584,341,Bajo,0.979945305,,0.3973,0.6073,0.739
9101,Temuco,Cautín,Araucanía,No_Metropolitan_Area,0.8872,0.2995,0.7939,0.5953,14,Medio alto,0.860311189,,0.1037,0.1651,0.087
9102,Carahue,Cautín,Araucanía,No_Metropolitan_Area,0.5831,0.0524,0.6181,0.2662,294,Bajo,0.947543714,,0.244,0.5138,0.394
9103,Cunco,Cautín,Araucanía,No_Metropolitan_Area,0.6375,0.0441,0.6348,0.2612,299,Bajo,0.944801896,,0.1965,0.3419,0.306
9104,Curarrehue,Cautín,Araucanía,No_Metropolitan_Area,0.4646,0.0403,0.5738,0.2207,327,Bajo,0.95462963,,0.2285,0.5411,0.486
9105,Freire,Cautín,Araucanía,No_Metropolitan_Area,0.4792,0.0535,0.6172,0.2511,308,Bajo,0.962819269,,0.2402,0.3414,0.57
9106,Galvarino,Cautín,Araucanía,No_Metropolitan_Area,0.314,0.0398,0.5742,0.1928,337,Bajo,0.96812933,,0.3729,0.5444,0.673
9107,Gorbea,Cautín,Araucanía,No_Metropolitan_Area,0.7458,0.0853,0.586,0.3341,212,Medio bajo,0.936443149,,0.113,0.3023,0.228
9108,Lautaro,Cautín,Araucanía,No_Metropolitan_Area,0.7198,0.117,0.6239,0.3746,149,Medio bajo,0.924240062,,0.168,0.2213,0.259
9109,Loncoche,Cautín,Araucanía,No_Metropolitan_Area,0.6645,0.0709,0.6871,0.3187,230,Medio bajo,0.933084511,,0.3021,0.3108,0.169
9110,Melipeuco,Cautín,Araucanía,No_Metropolitan_Area,0.6065,0.0261,0.6086,0.2127,329,Bajo,0.952481521,,0.2571,0.4064,0.342
9111,Nueva Imperial,Cautín,Araucanía,No_Metropolitan_Area,0.6756,0.0674,0.6605,0.311,240,Medio bajo,0.945042584,,0.1988,0.4355,0.317
9112,Padre Las Casas,Cautín,Araucanía,No_Metropolitan_Area,0.6557,0.0777,0.6142,0.3152,234,Medio bajo,0.94536982,,0.1962,0.3616,0.369
9113,Perquenco,Cautín,Araucanía,No_Metropolitan_Area,0.6612,0.0517,0.6008,0.2739,288,Bajo,0.966929134,,0.2193,0.3365,0.287
9114,Pitrufquén,Cautín,Araucanía,No_Metropolitan_Area,0.7678,0.0788,0.7017,0.3488,195,Medio bajo,0.912552156,,0.1064,0.2809,0.238
9115,Pucón,Cautín,Araucanía,No_Metropolitan_Area,0.7521,0.1279,0.695,0.4059,121,Medio,0.884449667,,0.0891,0.2756,0.251
9116,Saavedra,Cautín,Araucanía,No_Metropolitan_Area,0.3374,0.0283,0.5742,0.1764,340,Bajo,0.967849224,,0.3538,0.5423,0.621
9117,Teodoro Schmidt,Cautín,Araucanía,No_Metropolitan_Area,0.4981,0.0388,0.6051,0.227,325,Bajo,0.956061408,,0.2746,0.3581,0.426
9118,Toltén,Cautín,Araucanía,No_Metropolitan_Area,0.4151,0.0467,0.6009,0.2266,326,Bajo,0.950870647,,0.3511,0.4638,0.581
9119,Vilcún,Cautín,Araucanía,No_Metropolitan_Area,0.5578,0.0496,0.6596,0.2633,297,Bajo,0.936276551,,0.3197,0.4359,0.357
9120,Villarrica,Cautín,Araucanía,No_Metropolitan_Area,0.73,0.1215,0.7848,0.4113,118,Medio,0.898045738,,0.1251,0.2753,0.268
9121,Cholchol,Cautín,Araucanía,No_Metropolitan_Area,0.3722,0.0288,0.5922,0.1851,338,Bajo,0.965301003,,0.416,0.5417,0.567
9201,Angol,Malleco,Araucanía,No_Metropolitan_Area,0.8443,0.1347,0.7862,0.4471,84,Medio,0.892016931,,0.1556,0.2127,0.1
9202,Collipulli,Malleco,Araucanía,No_Metropolitan_Area,0.7038,0.1156,0.6379,0.373,156,Medio bajo,0.933121019,,0.2403,0.3656,0.24
9203,Curacautín,Malleco,Araucanía,No_Metropolitan_Area,0.7943,0.0733,0.575,0.3222,228,Medio bajo,0.91838843,,0.1421,0.2598,0.144
9204,Ercilla,Malleco,Araucanía,No_Metropolitan_Area,0.492,0.0328,0.5852,0.2115,330,Bajo,0.972437554,,0.2669,0.4728,0.563
9205,Lonquimay,Malleco,Araucanía,No_Metropolitan_Area,0.3793,0.0425,0.536,0.2053,333,Bajo,0.952355171,,0.3348,0.5493,0.582
9206,Los Sauces,Malleco,Araucanía,No_Metropolitan_Area,0.6115,0.0412,0.6013,0.2475,314,Bajo,0.968518519,,0.2408,0.3733,0.32
9207,Lumaco,Malleco,Araucanía,No_Metropolitan_Area,0.4588,0.0397,0.5478,0.2152,328,Bajo,0.969334331,,0.3332,0.4721,0.469
9208,Purén,Malleco,Araucanía,No_Metropolitan_Area,0.7115,0.0559,0.5898,0.2863,274,Medio bajo,0.935483871,,0.177,0.4011,0.298
9209,Renaico,Malleco,Araucanía,No_Metropolitan_Area,0.7853,0.0667,0.5733,0.3108,241,Medio bajo,0.942137509,,0.1858,0.222,0.156
9210,Traiguén,Malleco,Araucanía,No_Metropolitan_Area,0.712,0.0888,0.6792,0.3502,191,Medio bajo,0.924992588,,0.2127,0.3229,0.233
9211,Victoria,Malleco,Araucanía,No_Metropolitan_Area,0.7142,0.154,0.6694,0.4191,108,Medio,0.895302229,,0.225,0.3262,0.208
14101,Valdivia,Valdivia,Los Ríos,No_Metropolitan_Area,0.8865,0.2524,0.7826,0.5594,25,Medio alto,0.851161228,,0.0764,0.1407,0.104
14102,Corral,Valdivia,Los Ríos,No_Metropolitan_Area,0.5438,0.0745,0.5704,0.2848,276,Bajo,0.913770914,,0.2315,0.3504,0.582
14103,Lanco,Valdivia,Los Ríos,No_Metropolitan_Area,0.7211,0.095,0.6236,0.3495,193,Medio bajo,0.94486561,,0.1918,0.2579,0.187
14104,Los Lagos,Valdivia,Los Ríos,No_Metropolitan_Area,0.6021,0.0874,0.6045,0.3168,232,Medio bajo,0.913957935,,0.1549,0.2953,0.497
14105,Máfil,Valdivia,Los Ríos,No_Metropolitan_Area,0.6808,0.0985,0.6145,0.3455,202,Medio bajo,0.945064378,,0.1256,0.298,0.307
14106,Mariquina,Valdivia,Los Ríos,No_Metropolitan_Area,0.6875,0.085,0.6385,0.3341,211,Medio bajo,0.934410869,,0.1563,0.2405,0.307
14107,Paillaco,Valdivia,Los Ríos,No_Metropolitan_Area,0.7143,0.1011,0.661,0.3628,170,Medio bajo,0.922413793,,0.1913,0.2525,0.229
14108,Panguipulli,Valdivia,Los Ríos,No_Metropolitan_Area,0.5485,0.1033,0.677,0.3372,208,Medio bajo,0.928478544,,0.147,0.3258,0.582
14201,La Unión,Ranco,Los Ríos,No_Metropolitan_Area,0.7308,0.1373,0.7898,0.4295,97,Medio,0.920707359,,0.1335,0.2447,0.297
14202,Futrono,Ranco,Los Ríos,No_Metropolitan_Area,0.6722,0.0678,0.6551,0.3102,244,Medio bajo,0.94248072,,0.1407,0.3293,0.409
14203,Lago Ranco,Ranco,Los Ríos,No_Metropolitan_Area,0.5893,0.0471,0.6007,0.2555,306,Bajo,0.940561724,,0.1462,0.3772,0.367
14204,Río Bueno,Ranco,Los Ríos,No_Metropolitan_Area,0.646,0.1161,0.6801,0.3709,159,Medio bajo,0.920506434,,0.1644,0.3007,0.397
10101,Puerto Montt,Llanquihue,Los Lagos,No_Metropolitan_Area,0.8594,0.2419,0.7703,0.543,35,Medio alto,0.840661863,,0.1142,0.2034,0.129
10102,Calbuco,Llanquihue,Los Lagos,No_Metropolitan_Area,0.6232,0.083,0.6603,0.3244,224,Medio bajo,0.888738357,,0.1347,0.411,0.549
10103,Cochamó,Llanquihue,Los Lagos,No_Metropolitan_Area,0.3982,0.0524,0.5877,0.2306,323,Bajo,0.911819887,,0.1359,0.3415,0.77
10104,Fresia,Llanquihue,Los Lagos,No_Metropolitan_Area,0.6491,0.0613,0.6088,0.2894,271,Medio bajo,0.929125711,,0.1804,0.326,0.375
10105,Frutillar,Llanquihue,Los Lagos,No_Metropolitan_Area,0.8002,0.1259,0.7362,0.4201,106,Medio,0.918511685,,0.1036,0.264,0.136
10106,Los Muermos,Llanquihue,Los Lagos,No_Metropolitan_Area,0.5861,0.066,0.6259,0.2894,272,Medio bajo,0.911111111,,0.1041,0.3426,0.438
10107,Llanquihue,Llanquihue,Los Lagos,No_Metropolitan_Area,0.8024,0.1207,0.6266,0.393,129,Medio,0.905364152,,0.1369,0.2131,0.138
10108,Maullín,Llanquihue,Los Lagos,No_Metropolitan_Area,0.6792,0.0517,0.5889,0.2745,287,Bajo,0.927123288,,0.1635,0.3076,0.315
10109,Puerto Varas,Llanquihue,Los Lagos,No_Metropolitan_Area,0.79,0.2187,0.7759,0.5118,52,Medio alto,0.875563426,,0.0587,0.2109,0.196
10201,Castro,Chiloé,Los Lagos,No_Metropolitan_Area,0.8104,0.195,0.7076,0.4818,65,Medio,0.815899135,,0.1013,0.2323,0.207
10202,Ancud,Chiloé,Los Lagos,No_Metropolitan_Area,0.6989,0.1478,0.7046,0.4175,113,Medio,0.897453544,,0.1452,0.2504,0.367
10203,Chonchi,Chiloé,Los Lagos,No_Metropolitan_Area,0.596,0.1049,0.7047,0.3532,187,Medio bajo,0.914274924,,0.1278,0.3446,0.507
10204,Curaco de Vélez,Chiloé,Los Lagos,No_Metropolitan_Area,0.5582,0.0599,0.5832,0.2692,293,Bajo,0.919064748,,0.1381,0.3156,0.458
10205,Dalcahue,Chiloé,Los Lagos,No_Metropolitan_Area,0.5853,0.1051,0.596,0.3322,215,Medio bajo,0.913928737,,0.116,0.253,0.569
10206,Puqueldón,Chiloé,Los Lagos,No_Metropolitan_Area,0.4572,0.0546,0.6121,0.2481,313,Bajo,0.894988067,,0.1382,0.3865,0.751
10207,Queilén,Chiloé,Los Lagos,No_Metropolitan_Area,0.4764,0.0973,0.5961,0.3023,253,Medio bajo,0.917293233,,0.198,0.4126,0.527
10208,Quellón,Chiloé,Los Lagos,No_Metropolitan_Area,0.6246,0.1146,0.6645,0.3623,171,Medio bajo,0.888700565,,0.1312,0.3629,0.5
10209,Quemchi,Chiloé,Los Lagos,No_Metropolitan_Area,0.4429,0.0698,0.6004,0.2648,295,Bajo,0.908571429,,0.2032,0.398,0.655
10210,Quinchao,Chiloé,Los Lagos,No_Metropolitan_Area,0.4733,0.0723,0.7351,0.293,265,Medio bajo,0.866628506,,0.2696,0.4336,0.573
10301,Osorno,Osorno,Los Lagos,No_Metropolitan_Area,0.894,0.2485,0.7974,0.5617,23,Medio alto,0.885454333,,0.0852,0.2203,0.081
10302,Puerto Octay,Osorno,Los Lagos,No_Metropolitan_Area,0.569,0.0687,0.6385,0.2922,267,Medio bajo,0.940436242,,0.14,0.2743,0.464
10303,Purranque,Osorno,Los Lagos,No_Metropolitan_Area,0.7885,0.1108,0.668,0.3879,135,Medio,0.919765739,,0.1123,0.2953,0.153
10304,Puyehue,Osorno,Los Lagos,No_Metropolitan_Area,0.704,0.0816,0.616,0.3283,217,Medio bajo,0.935483871,,0.1219,0.3011,0.175
10305,Río Negro,Osorno,Los Lagos,No_Metropolitan_Area,0.6618,0.0963,0.6659,0.3488,194,Medio bajo,0.951954781,,0.1531,0.2793,0.347
10306,San Juan de la Costa,Osorno,Los Lagos,No_Metropolitan_Area,0.1866,0.0222,0.6057,0.1359,343,Bajo,0.975565611,,0.3214,0.5332,0.86
10307,San Pablo,Osorno,Los Lagos,No_Metropolitan_Area,0.5825,0.0777,0.6352,0.3064,249,Medio bajo,0.959331881,,0.1661,0.3161,0.408
10401,Chaitén,Palena,Los Lagos,No_Metropolitan_Area,0.6078,0.1127,0.5693,0.3392,206,Medio bajo,0.848942598,,0.1217,0.267,0.407
10402,Futaleufú,Palena,Los Lagos,No_Metropolitan_Area,0.744,0.2077,0.6154,0.4565,78,Medio,0.826923077,,0.1071,0.2872,0.259
10403,Hualaihué,Palena,Los Lagos,No_Metropolitan_Area,0.4822,0.0708,0.6542,0.2816,279,Bajo,0.92433414,,0.1699,0.2942,0.837
10404,Palena,Palena,Los Lagos,No_Metropolitan_Area,0.7006,0.1676,0.6279,0.4193,107,Medio,0.870445344,,0.0996,0.2394,0.335
11101,Coyhaique,Coyhaique,Aysén,No_Metropolitan_Area,0.9103,0.2167,0.6807,0.512,50,Medio alto,0.798284795,,0.0278,0.1812,0.088
11102,Lago Verde,Coyhaique,Aysén,No_Metropolitan_Area,0.7478,0.0787,0.5092,0.3106,243,Medio bajo,0.942028986,,0.1204,0.2496,0.355
11201,Aysén,Aysén,Aysén,No_Metropolitan_Area,0.8844,0.1904,0.6791,0.4854,63,Medio,0.860354518,,0.0681,0.1936,0.118
11202,Cisnes,Aysén,Aysén,No_Metropolitan_Area,0.8677,0.2004,0.6225,0.4766,70,Medio,0.891025641,,0.065,0.1771,0.118
11203,Guaitecas,Aysén,Aysén,No_Metropolitan_Area,0.8524,0.1204,0.6505,0.4057,123,Medio,0.868312757,,0.122,0.2377,0.2
11301,Cochrane,Capitán Prat,Aysén,No_Metropolitan_Area,0.8613,0.1415,0.5974,0.4176,112,Medio,0.839344262,,0.0588,0.2182,0.126
11302,O'Higgins,Capitán Prat,Aysén,No_Metropolitan_Area,0.7503,0.0871,0.569,0.3338,213,Medio bajo,0.857142857,,0.0821,0.2486,0.218
11303,Tortel,Capitán Prat,Aysén,No_Metropolitan_Area,0.5835,0.1154,0.6581,0.3538,186,Medio bajo,0.849315068,,0.1446,0.273,0.622
11401,Chile Chico,General Carrera,Aysén,No_Metropolitan_Area,0.8842,0.1216,0.5821,0.397,127,Medio,0.84764208,,0.0526,0.2014,0.098
11402,Río Ibáñez,General Carrera,Aysén,No_Metropolitan_Area,0.8124,0.1112,0.5461,0.3668,163,Medio bajo,0.907894737,,0.0655,0.2688,0.154
12101,Punta Arenas,Magallanes,Magallanes,No_Metropolitan_Area,0.9538,0.2726,0.7581,0.5819,18,Medio alto,0.80257242,,0.0207,0.1026,0.052
12102,Laguna Blanca,Magallanes,Magallanes,No_Metropolitan_Area,0.6882,0.1523,0.5121,0.3772,147,Medio bajo,0.9375,,0.0293,0.0266,0.267
12103,Río Verde,Magallanes,Magallanes,No_Metropolitan_Area,0.5461,0.0417,0.0263,0.0844,344,Bajo,0.727272727,,0.0072,0.0902,0.417
12104,San Gregorio,Magallanes,Magallanes,No_Metropolitan_Area,0.6851,0.0564,0.6406,0.2914,270,Medio bajo,0.823529412,,0.0134,0.0583,0.151
12201,Cabo de Hornos,Antártica Chilena,Magallanes,No_Metropolitan_Area,0.9537,0.0766,0.642,0.3606,174,Medio bajo,0.668449198,,0.0295,0.1458,0.039
12202,Antártica,Antártica Chilena,Magallanes,No_Metropolitan_Area,,,,,,,,,,,
12301,Porvenir,Tierra del Fuego,Magallanes,No_Metropolitan_Area,0.9243,0.1707,0.6133,0.4592,77,Medio,0.772380952,,0.021,0.0829,0.055
12302,Primavera,Tierra del Fuego,Magallanes,No_Metropolitan_Area,0.6325,0.1962,0.6139,0.4239,103,Medio,0.739130435,,0.0233,0.0817,0.31
12303,Timaukel,Tierra del Fuego,Magallanes,No_Metropolitan_Area,0.6341,0.0658,0.001,0.0347,345,Bajo,0.8125,,0.004,0.0062,0.369
12401,Puerto Natales,Última Esperanza,Magallanes,No_Metropolitan_Area,0.9449,0.2045,0.676,0.5074,54,Medio alto,0.824088748,,0.0233,0.1414,0.051
12402,Torres del Paine,Última Esperanza,Magallanes,No_Metropolitan_Area,0.6592,0.064,0.5259,0.281,280,Bajo,0.774193548,,0.0032,0.0181,0.083
13301,Colina,Chacabuco,Metropolitana,No_Metropolitan_Area,0.8855,0.2007,0.783,0.5182,48,Medio alto,0.855852356,0.6437,0.064,0.2546,0.098
13302,Lampa,Chacabuco,Metropolitana,No_Metropolitan_Area,0.8442,0.1708,0.6154,0.4461,86,Medio,0.840838797,0.7085,0.0361,0.2576,0.205
13303,Tiltil,Chacabuco,Metropolitana,No_Metropolitan_Area,0.8052,0.1107,0.5868,0.374,151,Medio bajo,0.817438692,0.7121,0.0679,0.2367,0.172
13201,Puente Alto,Cordillera,Metropolitana,Metropolitan_Area,0.9457,0.2179,0.7589,0.5388,38,Medio alto,0.825111895,0.6427,0.0729,0.2331,0.019
13202,Pirque,Cordillera,Metropolitana,No_Metropolitan_Area,0.8501,0.0926,0.6734,0.3756,148,Medio bajo,0.884482095,0.6612,0.0475,0.2033,0.123
13203,San José de Maipo,Cordillera,Metropolitana,No_Metropolitan_Area,0.6855,0.1182,0.6413,0.3732,155,Medio bajo,0.834208224,0.7452,0.0599,0.2399,0.437
13401,San Bernardo,Maipo,Metropolitana,Metropolitan_Area,0.9137,0.2129,0.7227,0.52,46,Medio alto,0.854619536,0.7514,0.0942,0.2607,0.055
13402,Buin,Maipo,Metropolitana,No_Metropolitan_Area,0.891,0.1671,0.7361,0.4785,67,Medio,0.879761991,0.7577,0.0804,0.2493,0.09
13403,Calera de Tango,Maipo,Metropolitana,No_Metropolitan_Area,0.8458,0.1436,0.7086,0.4415,88,Medio,0.899309342,0.6434,0.0353,0.2206,0.173
13404,Paine,Maipo,Metropolitana,No_Metropolitan_Area,0.8682,0.1154,0.7316,0.4185,109,Medio,0.855332787,0.7591,0.0424,0.2233,0.159
13501,Melipilla,Melipilla,Metropolitana,No_Metropolitan_Area,0.8684,0.1199,0.7241,0.4225,104,Medio,0.880685564,0.758,0.0517,0.2492,0.207
13502,Alhué,Melipilla,Metropolitana,No_Metropolitan_Area,0.8367,0.0551,0.5543,0.2945,263,Medio bajo,0.784332689,0.709,0.0671,0.2028,0.197
13503,Curacaví,Melipilla,Metropolitana,No_Metropolitan_Area,0.8307,0.0943,0.7158,0.3827,139,Medio bajo,0.874049946,0.7739,0.0744,0.2255,0.148
13504,María Pinto,Melipilla,Metropolitana,No_Metropolitan_Area,0.8408,0.0597,0.5803,0.3076,247,Medio bajo,0.925042589,0.7824,0.108,0.3314,0.189
13505,San Pedro,Melipilla,Metropolitana,No_Metropolitan_Area,0.5489,0.0572,0.5619,0.2603,301,Bajo,0.88856305,0.6875,0.0927,0.3184,0.615
13101,Santiago,Santiago,Metropolitana,Metropolitan_Area,0.8953,0.635,0.8276,0.7778,3,Alto,0.737739872,0.5711,0.0408,0.0963,0.173
13102,Cerrillos,Santiago,Metropolitana,Metropolitan_Area,0.9331,0.1915,0.6529,0.4886,62,Medio alto,0.82676399,0.6436,0.0648,0.2742,0.06
13103,Cerro Navia,Santiago,Metropolitana,Metropolitan_Area,0.8996,0.0942,0.6143,0.3734,154,Medio bajo,0.894555531,0.8104,0.0759,0.3464,0.127
13104,Conchalí,Santiago,Metropolitana,Metropolitan_Area,0.917,0.1731,0.6389,0.4663,76,Medio,0.812371738,0.7706,0.0743,0.2937,0.085
13105,El Bosque,Santiago,Metropolitana,Metropolitan_Area,0.9162,0.1409,0.7226,0.4535,80,Medio,0.877914952,0.7463,0.0958,0.2265,0.052
13106,Estación Central,Santiago,Metropolitana,Metropolitan_Area,0.9071,0.2277,0.7197,0.5298,44,Medio alto,0.765989042,0.6989,0.0581,0.2345,0.139
13107,Huechuraba,Santiago,Metropolitana,Metropolitan_Area,0.9287,0.267,0.7195,0.563,22,Medio alto,0.903510259,0.5806,0.0564,0.2884,0.076
13108,Independencia,Santiago,Metropolitana,Metropolitan_Area,0.9146,0.2308,0.7471,0.5403,36,Medio alto,0.751712763,0.7136,0.085,0.2091,0.056
13109,La Cisterna,Santiago,Metropolitana,Metropolitan_Area,0.8781,0.2436,0.7798,0.5505,30,Medio alto,0.804363997,0.6693,0.066,0.1782,0.188
13110,La Florida,Santiago,Metropolitana,Metropolitan_Area,0.9535,0.2838,0.7545,0.5888,16,Medio alto,0.765537582,0.5928,0.045,0.1899,0.037
13111,La Granja,Santiago,Metropolitana,Metropolitan_Area,0.9359,0.1284,0.6462,0.4266,100,Medio,0.896456007,0.7014,0.0475,0.2191,0.08
13112,La Pintana,Santiago,Metropolitana,Metropolitan_Area,0.8924,0.0842,0.6228,0.3604,175,Medio bajo,0.934021274,0.8303,0.1414,0.3274,0.048
13113,La Reina,Santiago,Metropolitana,Metropolitan_Area,0.97,0.2823,0.8186,0.6074,11,Medio alto,0.756255044,0.3248,0.0099,0.0694,0.051
13114,Las Condes,Santiago,Metropolitana,Metropolitan_Area,0.9926,0.78,0.866,0.8752,2,Alto,0.701891357,0.1168,0.0019,0.0423,0.013
13115,Lo Barnechea,Santiago,Metropolitana,Metropolitan_Area,0.945,0.4029,0.816,0.6773,5,Alto,0.862908259,0.32,0.0284,0.1718,0.068
13116,Lo Espejo,Santiago,Metropolitana,Metropolitan_Area,0.9168,0.1088,0.5995,0.391,133,Medio,0.907811634,0.8178,0.0669,0.375,0.096
13117,Lo Prado,Santiago,Metropolitana,Metropolitan_Area,0.9103,0.1177,0.6231,0.4057,122,Medio,0.844320487,0.7554,0.0578,0.2448,0.124
13118,Macul,Santiago,Metropolitana,Metropolitan_Area,0.9245,0.2374,0.7365,0.5448,33,Medio alto,0.752886836,0.5502,0.0745,0.1347,0.07
13119,Maipú,Santiago,Metropolitana,Metropolitan_Area,0.9695,0.2817,0.7793,0.597,13,Medio alto,0.765520608,0.5839,0.0257,0.1322,0.027
13120,Ñuñoa,Santiago,Metropolitana,Metropolitan_Area,0.9681,0.3601,0.8254,0.6602,7,Alto,0.748343469,0.3736,0.009,0.0576,0.055
13121,Pedro Aguirre Cerda,Santiago,Metropolitana,Metropolitan_Area,0.9207,0.1749,0.6387,0.4685,75,Medio,0.869008841,0.6949,0.0621,0.2676,0.101
13122,Peñalolén,Santiago,Metropolitana,Metropolitan_Area,0.9298,0.2156,0.7421,0.5299,43,Medio alto,0.872001142,0.6412,0.0437,0.2628,0.089
13123,Providencia,Santiago,Metropolitana,Metropolitan_Area,0.9847,0.7764,0.878,0.8756,1,Alto,0.693121693,0.2663,0.0043,0.0338,0.026
13124,Pudahuel,Santiago,Metropolitana,Metropolitan_Area,0.9094,0.2498,0.7401,0.5519,29,Medio alto,0.857092642,0.6505,0.0825,0.2251,0.075
13125,Quilicura,Santiago,Metropolitana,Metropolitan_Area,0.9486,0.2669,0.7574,0.5767,20,Medio alto,0.786617539,0.5601,0.0568,0.1792,0.025
13126,Quinta Normal,Santiago,Metropolitana,Metropolitan_Area,0.938,0.246,0.6731,0.5375,41,Medio alto,0.795033557,0.7023,0.0373,0.2348,0.092
13127,Recoleta,Santiago,Metropolitana,Metropolitan_Area,0.9023,0.2311,0.7463,0.5379,39,Medio alto,0.804904369,0.7384,0.0689,0.225,0.123
13128,Renca,Santiago,Metropolitana,Metropolitan_Area,0.9395,0.1728,0.6734,0.4782,68,Medio,0.875485828,0.6853,0.0373,0.2452,0.08
13129,San Joaquín,Santiago,Metropolitana,Metropolitan_Area,0.9153,0.1849,0.6196,0.4715,72,Medio,0.815093031,0.7516,0.0524,0.211,0.122
13130,San Miguel,Santiago,Metropolitana,Metropolitan_Area,0.9452,0.306,0.7774,0.6081,10,Medio alto,0.740205441,0.5334,0.0485,0.1725,0.057
13131,San Ramón,Santiago,Metropolitana,Metropolitan_Area,0.9345,0.1392,0.6509,0.4392,92,Medio,0.880157845,0.8028,0.046,0.2794,0.078
13132,Vitacura,Santiago,Metropolitana,Metropolitan_Area,0.9946,0.4982,0.9002,0.7641,4,Alto,0.587560163,0.0626,0.0013,0.0348,0.005
13601,Talagante,Talagante,Metropolitana,No_Metropolitan_Area,0.8805,0.1489,0.7949,0.4706,73,Medio,0.836931818,0.6845,0.0371,0.2133,0.095
13602,El Monte,Talagante,Metropolitana,No_Metropolitan_Area,0.8649,0.0854,0.5909,0.3522,188,Medio bajo,0.914556962,0.7685,0.0873,0.3367,0.128
13603,Isla de Maipo,Talagante,Metropolitana,No_Metropolitan_Area,0.8313,0.0907,0.6366,0.3634,169,Medio bajo,0.867647059,0.8028,0.0833,0.2724,0.162
13604,Padre Hurtado,Talagante,Metropolitana,No_Metropolitan_Area,0.8551,0.1419,0.7037,0.4403,91,Medio,0.827453496,0.7537,0.0878,0.2162,0.108
13605,Peñaflor,Talagante,Metropolitana,No_Metropolitan_Area,0.9222,0.1747,0.7078,0.485,64,Medio,0.841463415,0.6899,0.0489,0.1346,0.058